id,appId,url,nome
1,400,http://video.akamai.steamstatic.com/store_trailers/922/movie_max.webm?t=1682715059,Portal Trailer
2,1250,http://video.akamai.steamstatic.com/store_trailers/5243/movie_max.webm?t=1529340856,Killing Floor Launch Trailer
3,1250,http://video.akamai.steamstatic.com/store_trailers/2028888/movie_max.webm?t=1529340860,Killing Floor Pier of Pain Trailer
4,3590,http://video.akamai.steamstatic.com/store_trailers/900829/movie_max.webm?t=1584811605,Plants vs. Zombies Trailer
5,3590,http://video.akamai.steamstatic.com/store_trailers/99071/movie_max.webm?t=1584811611,Plants vs. Zombies Music Video
6,550,http://video.akamai.steamstatic.com/store_trailers/5952/movie_max.webm?t=1682697457,Left 4 Dead - The Sacrifice Trailer
7,35140,http://video.akamai.steamstatic.com/store_trailers/5642/movie_max.webm?t=1457569846,Batman Game of the Year Edition Trailer
8,620,http://video.akamai.steamstatic.com/store_trailers/5787/movie_max.webm?t=1682715616,Portal 2 E3 Demo (Excursion Funnels)
9,620,http://video.akamai.steamstatic.com/store_trailers/80822/movie_max.webm?t=1683129612,Portal 2 Remix Trailer
10,620,http://video.akamai.steamstatic.com/store_trailers/81613/movie_max.webm?t=1682715589,Portal 2 - Perpetual Testing Initiative
11,620,http://video.akamai.steamstatic.com/store_trailers/5926/movie_max.webm?t=1682715596,Portal 2 Co-op Trailer
12,620,http://video.akamai.steamstatic.com/store_trailers/80633/movie_max.webm?t=1682715658,Portal 2: Valentine's Day
13,620,http://video.akamai.steamstatic.com/store_trailers/80762/movie_max.webm?t=1682715769,Portal 2 - Boots Short (English)
14,620,http://video.akamai.steamstatic.com/store_trailers/80752/movie_max.webm?t=1682715720,Portal 2 - Turrets (English)
15,620,http://video.akamai.steamstatic.com/store_trailers/80747/movie_max.webm?t=1682715692,Portal 2 - Bot Trust Short (English)
16,620,http://video.akamai.steamstatic.com/store_trailers/80739/movie_max.webm?t=1682715665,Portal 2 - Panels Short (English)
17,620,http://video.akamai.steamstatic.com/store_trailers/5789/movie_max.webm?t=1682715637,Portal 2 E3 Demo (Thermal Discouragement Beams)
18,620,http://video.akamai.steamstatic.com/store_trailers/5795/movie_max.webm?t=1682715651,Portal 2 E3 Demo (Propulsion Gel)
19,620,http://video.akamai.steamstatic.com/store_trailers/5791/movie_max.webm?t=1682715644,Portal 2 E3 Demo (Repulsion Gel)
20,620,http://video.akamai.steamstatic.com/store_trailers/5788/movie_max.webm?t=1682715630,Portal 2 E3 Demo (Faith Plates)
21,620,http://video.akamai.steamstatic.com/store_trailers/5790/movie_max.webm?t=1682715623,Portal 2 E3 Demo (Pneumatic Diversity Vents)
22,620,http://video.akamai.steamstatic.com/store_trailers/5786/movie_max.webm?t=1682715609,Portal 2 E3 Demo (Wheatley)
23,620,http://video.akamai.steamstatic.com/store_trailers/5739/movie_max.webm?t=1682715602,Portal 2 Teaser
24,620,http://video.akamai.steamstatic.com/store_trailers/80788/movie_max.webm?t=1682715776,Portal 2 - Launch TV Ad
25,55150,http://video.akamai.steamstatic.com/store_trailers/2037989/movie_max.webm?t=1447371470,"Warhammer 40,000: Space Marine - Our Weapons"
26,55150,http://video.akamai.steamstatic.com/store_trailers/2037990/movie_max.webm?t=1447371470,"Warhammer 40,000: Space Marine - Chainsword"
27,55150,http://video.akamai.steamstatic.com/store_trailers/2037991/movie_max.webm?t=1447371470,"Warhammer 40,000: Space Marine - Power Axe"
28,55150,http://video.akamai.steamstatic.com/store_trailers/2037992/movie_max.webm?t=1447371472,"Warhammer 40,000: Space Marine - Thunder Hammer"
29,3830,http://video.akamai.steamstatic.com/store_trailers/256850721/movie_max_vp9.webm?t=1631142842,Trailer
30,67370,http://video.akamai.steamstatic.com/store_trailers/81370/movie_max.webm?t=1526508302,The Darkness II Trailer
31,202970,http://video.akamai.steamstatic.com/store_trailers/81929/movie_max_vp9.webm?t=1589832321,Celebrating 10 Years of Black Ops
32,202970,http://video.akamai.steamstatic.com/store_trailers/2028142/movie_max.webm?t=1621280565,Black Ops II Surprise Trailer
33,202970,http://video.akamai.steamstatic.com/store_trailers/2028416/movie_max.webm?t=1589832329,Black Ops II Revolution DLC Trailer
34,202970,http://video.akamai.steamstatic.com/store_trailers/81929/movie_max_vp9.webm?t=1589832321,Celebrating 10 Years of Black Ops
35,202970,http://video.akamai.steamstatic.com/store_trailers/2028142/movie_max.webm?t=1621280565,Black Ops II Surprise Trailer
36,202970,http://video.akamai.steamstatic.com/store_trailers/2028416/movie_max.webm?t=1589832329,Black Ops II Revolution DLC Trailer
37,225260,http://video.akamai.steamstatic.com/store_trailers/2028371/movie_max.webm?t=1447357433,Brutal Legend Trailer
38,210770,http://video.akamai.steamstatic.com/store_trailers/2028703/movie_max.webm?t=1447357916,Sanctum 2 - Launch Trailer
39,210770,http://video.akamai.steamstatic.com/store_trailers/2028602/movie_max.webm?t=1447357796,Sanctum 2 - Teaser
40,210770,http://video.akamai.steamstatic.com/store_trailers/2028667/movie_max.webm?t=1447357884,Sanctum 2 - Pre-Order Trailer
41,228300,http://video.akamai.steamstatic.com/store_trailers/2028606/movie_max.webm?t=1447357799,Remember Me Trailer
42,228300,http://video.akamai.steamstatic.com/store_trailers/2028654/movie_max.webm?t=1447357864,Remember Me Memory Trailer
43,234650,http://video.akamai.steamstatic.com/store_trailers/2028929/movie_max.webm?t=1447358304,Shadowrun Returns Launch Trailer
44,234650,http://video.akamai.steamstatic.com/store_trailers/2028629/movie_max.webm?t=1447357826,Shadowrun Returns Trailer
45,65930,http://video.akamai.steamstatic.com/store_trailers/2028952/movie_max.webm?t=1447358331,The Bureau: XCOM Declassified Last Defense
46,113400,http://video.akamai.steamstatic.com/store_trailers/2031688/movie_max.webm?t=1544328691,APB Short
47,113400,http://video.akamai.steamstatic.com/store_trailers/2033913/movie_max.webm?t=1544328696,Stand Out From the Crowd
48,212390,http://video.akamai.steamstatic.com/store_trailers/82025/movie_max.webm?t=1447356733,Continent of the Ninth Seal Trailer
49,242760,http://video.akamai.steamstatic.com/store_trailers/256715589/movie_max.webm?t=1525039057,The Forest- Trailer 4
50,218620,http://video.akamai.steamstatic.com/store_trailers/256766497/movie_max.webm?t=1573055178,PAYDAY 2: Legacy Collection Trailer
51,218620,http://video.akamai.steamstatic.com/store_trailers/256701266/movie_max.webm?t=1572598641,PAYDAY 2 VR Trailer
52,218620,http://video.akamai.steamstatic.com/store_trailers/256665794/movie_max.webm?t=1466161429,PAYDAY 2: Biker Packs Trailer
53,218620,http://video.akamai.steamstatic.com/store_trailers/2032070/movie_max.webm?t=1447361620,PAYDAY 2: The Dentist Trailer
54,218620,http://video.akamai.steamstatic.com/store_trailers/2028939/movie_max.webm?t=1447358310,PAYDAY 2: The Death Wish Update Trailer
55,271590,http://video.akamai.steamstatic.com/store_trailers/257036521/movie_max_vp9.webm?t=1720472907,GTA Online: Bottom Dollar Bounties (BR)
56,271590,http://video.akamai.steamstatic.com/store_trailers/257010262/movie_max_vp9.webm?t=1720472962,GTA Online: Cluckin' Bell Farm Raid Missions (BR)
57,271590,http://video.akamai.steamstatic.com/store_trailers/256921430/movie_max_vp9.webm?t=1671116396,GTA Online: Los Santos Drug War (BR)
58,271590,http://video.akamai.steamstatic.com/store_trailers/256914064/movie_max_vp9.webm?t=1667343854,GTA Online: Los Santos Summer Special (BR)
59,271590,http://video.akamai.steamstatic.com/store_trailers/256913333/movie_max_vp9.webm?t=1666976561,GTA Online: The Diamond Casino Heist (BR)
60,271590,http://video.akamai.steamstatic.com/store_trailers/256757108/movie_max.webm?t=1564614493,GTA Online: Casino (BR)
61,271590,http://video.akamai.steamstatic.com/store_trailers/256723118/movie_max.webm?t=1532462519,GTA Online: After Hours (BR)
62,271590,http://video.akamai.steamstatic.com/store_trailers/256703148/movie_max.webm?t=1512687260,GTA Online: The Doomsday Heist (BR)
63,271590,http://video.akamai.steamstatic.com/store_trailers/256698011/movie_max.webm?t=1508420497,GTA Online: Transform Races (BR)
64,271590,http://video.akamai.steamstatic.com/store_trailers/256693657/movie_max.webm?t=1504052119,GTA Online: Smuggler's Run Trailer
65,271590,http://video.akamai.steamstatic.com/store_trailers/256686765/movie_max.webm?t=1497887449,GTA Online: Gunrunning Trailer
66,271590,http://video.akamai.steamstatic.com/store_trailers/256683906/movie_max.webm?t=1493230397,GTA Online: Tiny Racers Trailer
67,271590,http://video.akamai.steamstatic.com/store_trailers/256681417/movie_max.webm?t=1489701964,GTA Online Cunning Stunts: Special Vehicle Circuit Trailer
68,271590,http://video.akamai.steamstatic.com/store_trailers/256676663/movie_max.webm?t=1481922728,GTA Online: Import/Export
69,271590,http://video.akamai.steamstatic.com/store_trailers/256674290/movie_max.webm?t=1478726678,GTA Online: Deadline
70,271590,http://video.akamai.steamstatic.com/store_trailers/256672035/movie_max.webm?t=1475687447,GTA Online: Bikers Trailer
71,271590,http://video.akamai.steamstatic.com/store_trailers/256666648/movie_max.webm?t=1468353865,GTA Online: Cunning Stunts Trailer
72,271590,http://video.akamai.steamstatic.com/store_trailers/256665270/movie_max.webm?t=1465333474,Further Adventures in Finance and Felony
73,271590,http://video.akamai.steamstatic.com/store_trailers/256659107/movie_max.webm?t=1450306578,Executives and Other Criminals
74,271590,http://video.akamai.steamstatic.com/store_trailers/256657772/movie_max.webm?t=1447378698,Lowriders Trailer
75,271590,http://video.akamai.steamstatic.com/store_trailers/256656353/movie_max.webm?t=1447378034,GTA Online Freemode Events Update Trailer
76,271590,http://video.akamai.steamstatic.com/store_trailers/2038587/movie_max.webm?t=1447372924,Rockstar Editor
77,271590,http://video.akamai.steamstatic.com/store_trailers/2035423/movie_max.webm?t=1447364875,Grand Theft Auto V: First Person Experience
78,271590,http://video.akamai.steamstatic.com/store_trailers/2036657/movie_max.webm?t=1447367725,Announce Teaser
79,282660,http://video.akamai.steamstatic.com/store_trailers/256708934/movie_max.webm?t=1518690880,Easy eSports Trailer
80,730,http://video.akamai.steamstatic.com/store_trailers/256972298/movie_max_vp9.webm?t=1696005467,Launch Trailer
81,730,http://video.akamai.steamstatic.com/store_trailers/256970298/movie_max_vp9.webm?t=1696005475,Moving Beyond Tick Rate
82,730,http://video.akamai.steamstatic.com/store_trailers/256969703/movie_max_vp9.webm?t=1696005483,Leveling Up
83,730,http://video.akamai.steamstatic.com/store_trailers/256969690/movie_max_vp9.webm?t=1696005491,Responsive Smokes
84,301640,http://video.akamai.steamstatic.com/store_trailers/256655785/movie_max.webm?t=1447377646,FREE Left 4 Dead Character Update Trailer
85,301640,http://video.akamai.steamstatic.com/store_trailers/2037704/movie_max.webm?t=1447370553,Official Launch Trailer
86,301640,http://video.akamai.steamstatic.com/store_trailers/2037583/movie_max.webm?t=1447370159,What is Zombie Army Trilogy? Official Gameplay Trailer
87,346330,http://video.akamai.steamstatic.com/store_trailers/256667065/movie_max.webm?t=1683129164,BrainBread 2 Steam Release Trailer
88,346330,http://video.akamai.steamstatic.com/store_trailers/256877145/movie_max_vp9.webm?t=1683129171,Corona Mayhem Update
89,287290,http://video.akamai.steamstatic.com/store_trailers/2036881/movie_max.webm?t=1447368247,Resident Evil Revelations 2 - Second Trailer
90,287290,http://video.akamai.steamstatic.com/store_trailers/2034287/movie_max.webm?t=1447363509,Resident Evil Revelations 2 - Concept Trailer
91,220,http://video.akamai.steamstatic.com/store_trailers/904/movie_max.webm?t=1699003201,Half-Life 2 Trailer
92,220,http://video.akamai.steamstatic.com/store_trailers/5724/movie_max.webm?t=1699003206,Free Yourself
93,380,http://video.akamai.steamstatic.com/store_trailers/912/movie_max.webm?t=1512411140,HL2:EP1 Launch Teaser 1
94,380,http://video.akamai.steamstatic.com/store_trailers/913/movie_max.webm?t=1512411149,HL2:EP1 Launch Teaser 2
95,380,http://video.akamai.steamstatic.com/store_trailers/914/movie_max.webm?t=1512411159,HL2:EP1 Launch Teaser 3
96,380,http://video.akamai.steamstatic.com/store_trailers/915/movie_max.webm?t=1512411168,HL2:EP1 Launch Teaser 4
97,1280,http://video.akamai.steamstatic.com/store_trailers/256937894/movie_max_vp9.webm?t=1679904960,Darkest Hour: Europe '44-'45 - Sicily 2023 Teaser
98,1280,http://video.akamai.steamstatic.com/store_trailers/256745316/movie_max.webm?t=1552634667,Darkest Hour: Europe '44-'45 v9.0 - Hitler Lives
99,6860,http://video.akamai.steamstatic.com/store_trailers/950/movie_max.webm?t=1447350988,Hitman: Blood Money Trailer
100,4560,http://video.akamai.steamstatic.com/store_trailers/256655915/movie_max.webm?t=1447377702,Company of Heroes
101,105600,http://video.akamai.steamstatic.com/store_trailers/256785003/movie_max_vp9.webm?t=1589654781,Terraria: Journey's End Trailer
102,105600,http://video.akamai.steamstatic.com/store_trailers/2040428/movie_max.webm?t=1447376855,Terraria 1.3 Trailer
103,105600,http://video.akamai.steamstatic.com/store_trailers/2029566/movie_max.webm?t=1447358964,Terraria 1.2 Trailer
104,219740,http://video.akamai.steamstatic.com/store_trailers/2028604/movie_max.webm?t=1447357797,Don't Starve Launch Trailer
105,219740,http://video.akamai.steamstatic.com/store_trailers/2028889/movie_max.webm?t=1447358243,Don't Starve Powers Trailer
106,219740,http://video.akamai.steamstatic.com/store_trailers/2028102/movie_max.webm?t=1447357002,Don't Starve Trailer
107,219740,http://video.akamai.steamstatic.com/store_trailers/2028453/movie_max.webm?t=1447357610,Don't Starve - Wilson's Intro Trailer
108,322330,http://video.akamai.steamstatic.com/store_trailers/257068101/movie_max_vp9.webm?t=1729790598,Boneward Bound
109,322330,http://video.akamai.steamstatic.com/store_trailers/257054270/movie_max_vp9.webm?t=1728334179,Depths of Duplicity EN
110,322330,http://video.akamai.steamstatic.com/store_trailers/257034095/movie_max_vp9.webm?t=1719511013,Skill_Spotlight_Wurt_Winona
111,322330,http://video.akamai.steamstatic.com/store_trailers/256989801/movie_max_vp9.webm?t=1703009085,Tales From the Constant: Swine & Dine
112,322330,http://video.akamai.steamstatic.com/store_trailers/256976744/movie_max_vp9.webm?t=1697740600,Host_of_Horrors
113,322330,http://video.akamai.steamstatic.com/store_trailers/256964531/movie_max_vp9.webm?t=1692637214,Cult_of_the_lamb
114,322330,http://video.akamai.steamstatic.com/store_trailers/256960340/movie_max_vp9.webm?t=1690477747,"Skill Spotlight Wormwood, Wolfgang, Woodie"
115,322330,http://video.akamai.steamstatic.com/store_trailers/256917364/movie_max_vp9.webm?t=1669138662,Don't Starve Together: Maxwell
116,322330,http://video.akamai.steamstatic.com/store_trailers/256861078/movie_max_vp9.webm?t=1639676324,Don't Starve Together: Eye for an Eye
117,322330,http://video.akamai.steamstatic.com/store_trailers/256833381/movie_max_vp9.webm?t=1620232763,Don't Starve Together: 2021 Gameplay Trailer
118,322330,http://video.akamai.steamstatic.com/store_trailers/256802250/movie_max_vp9.webm?t=1600965515,Don't Starve Together: Wigfrid
119,322330,http://video.akamai.steamstatic.com/store_trailers/256765285/movie_max.webm?t=1620233233,Don't Starve Together: Wurt
120,322330,http://video.akamai.steamstatic.com/store_trailers/256763673/movie_max.webm?t=1620233240,Don't Starve Together- Return Of Them: Salty Dog
121,322330,http://video.akamai.steamstatic.com/store_trailers/256758902/movie_max.webm?t=1620233247,Don't Starve Together- Return Of Them: Turn of Tides
122,322330,http://video.akamai.steamstatic.com/store_trailers/256761827/movie_max.webm?t=1620233253,Don't Starve Together: Woodie
123,322330,http://video.akamai.steamstatic.com/store_trailers/256757414/movie_max.webm?t=1620233261,Don't Starve Together: Warly
124,322330,http://video.akamai.steamstatic.com/store_trailers/256744780/movie_max.webm?t=1620233282,Don't Starve Together: Winona
125,322330,http://video.akamai.steamstatic.com/store_trailers/256752786/movie_max.webm?t=1620233268,Don't Starve Together: Wormwood
126,322330,http://video.akamai.steamstatic.com/store_trailers/256749983/movie_max.webm?t=1620233275,Don't Starve Together: Willow
127,322330,http://video.akamai.steamstatic.com/store_trailers/256746512/movie_max.webm?t=1553794346,Don't Starve Together: Wortox
128,322330,http://video.akamai.steamstatic.com/store_trailers/256778450/movie_max.webm?t=1620232813,Don't Starve Together: Wendy
129,322330,http://video.akamai.steamstatic.com/store_trailers/256682732/movie_max.webm?t=1620233288,Don't Starve Together: A New Reign
130,322330,http://video.akamai.steamstatic.com/store_trailers/256675303/movie_max.webm?t=1620233295,Don't Starve Together- A New Reign: Part 2
131,322330,http://video.akamai.steamstatic.com/store_trailers/256672773/movie_max.webm?t=1620233303,Don't Starve Together- A New Reign: Part 1
132,322330,http://video.akamai.steamstatic.com/store_trailers/2036116/movie_max.webm?t=1620233309,Don't Starve Together Early Access
133,322330,http://video.akamai.steamstatic.com/store_trailers/2038707/movie_max.webm?t=1620233316,Don't Starve Together Reign of Giants Update
134,322330,http://video.akamai.steamstatic.com/store_trailers/256769776/movie_max.webm?t=1620232819,"Don't Starve Together- Return Of Them: Hook, Line and Inker"
135,322330,http://video.akamai.steamstatic.com/store_trailers/256805907/movie_max_vp9.webm?t=1603385893,Don't Starve Together- Return Of Them: Forgotten Knowledge
136,322330,http://video.akamai.steamstatic.com/store_trailers/256779736/movie_max.webm?t=1620232807,Don't Starve Together: Wes
137,322330,http://video.akamai.steamstatic.com/store_trailers/256865345/movie_max_vp9.webm?t=1659633074,Don't Starve Together: Wolfgang
138,322330,http://video.akamai.steamstatic.com/store_trailers/256952882/movie_max_vp9.webm?t=1686849845,Don't Starve Together: Terrors Below
139,322330,http://video.akamai.steamstatic.com/store_trailers/256943319/movie_max_vp9.webm?t=1682615233,Don't Starve Together: Taking Root
140,322330,http://video.akamai.steamstatic.com/store_trailers/256935949/movie_max_vp9.webm?t=1678987374,Don't Starve Together: Wilson
141,322330,http://video.akamai.steamstatic.com/store_trailers/256899511/movie_max_vp9.webm?t=1659633070,Don't Starve Together: Wickerbottom
142,322330,http://video.akamai.steamstatic.com/store_trailers/256894105/movie_max_vp9.webm?t=1656607236,Don't Starve Together: The Curse of Moon Quay
143,322330,http://video.akamai.steamstatic.com/store_trailers/256884305/movie_max_vp9.webm?t=1651166999,Don't Starve Together: WX-78
144,322330,http://video.akamai.steamstatic.com/store_trailers/256850728/movie_max_vp9.webm?t=1639676327,Don't Starve Together: Wanda
145,322330,http://video.akamai.steamstatic.com/store_trailers/256782899/movie_max_vp9.webm?t=1620232800,Don't Starve Together- Return Of Them: She Sells Sea Shells
146,322330,http://video.akamai.steamstatic.com/store_trailers/256846407/movie_max_vp9.webm?t=1639676331,Don't Starve Together: Waterlogged
147,322330,http://video.akamai.steamstatic.com/store_trailers/256840376/movie_max_vp9.webm?t=1624553869,Don't Starve Together: Webber
148,322330,http://video.akamai.steamstatic.com/store_trailers/256833414/movie_max_vp9.webm?t=1628786992,Don't Starve Together- Return Of Them: Eye of the Storm
149,322330,http://video.akamai.steamstatic.com/store_trailers/256828246/movie_max_vp9.webm?t=1617295336,Don't Starve Together: Wes
150,322330,http://video.akamai.steamstatic.com/store_trailers/256814211/movie_max_vp9.webm?t=1608054491,Don't Starve Together- Return Of Them: Reap What You Sow
151,322330,http://video.akamai.steamstatic.com/store_trailers/256793025/movie_max_vp9.webm?t=1620232786,Don't Starve Together- Return Of Them: Troubled Waters
152,322330,http://video.akamai.steamstatic.com/store_trailers/256789020/movie_max_vp9.webm?t=1620232793,Don't Starve Together: Walt
153,322330,http://video.akamai.steamstatic.com/store_trailers/256675305/movie_max.webm?t=1620233323,Don't Starve Together- A New Reign: Part 2
154,227300,http://video.akamai.steamstatic.com/store_trailers/256882174/movie_max_vp9.webm?t=1683632053,Euro Truck Simulator 2 2022 Trailer
155,227300,http://video.akamai.steamstatic.com/store_trailers/257023925/movie_max_vp9.webm?t=1715926447,Euro Truck Simulator 2 - 1.50 Update Changelog
156,230410,http://video.akamai.steamstatic.com/store_trailers/257061162/movie_max_vp9.webm?t=1727887994,Koumei and the Five Fates
157,230410,http://video.akamai.steamstatic.com/store_trailers/257031833/movie_max_vp9.webm?t=1718724311,Jade Shadows Trailer
158,230410,http://video.akamai.steamstatic.com/store_trailers/257011375/movie_max_vp9.webm?t=1711552592,Dante Unbound Trailer
159,215530,http://video.akamai.steamstatic.com/store_trailers/2028731/movie_max.webm?t=1447357960,Van Helsing Launch Trailer
160,215530,http://video.akamai.steamstatic.com/store_trailers/2028701/movie_max.webm?t=1447357914,Van Helsing_Charactor_Dev Trailer
161,215530,http://video.akamai.steamstatic.com/store_trailers/2028591/movie_max.webm?t=1447357792,Van Helsing Rage
162,215530,http://video.akamai.steamstatic.com/store_trailers/2028732/movie_max.webm?t=1447357960,Van Helsing Hunters Lair Trailer
163,252950,http://video.akamai.steamstatic.com/store_trailers/257056997/movie_max_vp9.webm?t=1726856113,Rocket League® - Season 16
164,500,http://video.akamai.steamstatic.com/store_trailers/5952/movie_max.webm?t=1682697457,Left 4 Dead - The Sacrifice Trailer
165,500,http://video.akamai.steamstatic.com/store_trailers/5150/movie_max.webm?t=1682697450,Left 4 Dead TV Spot 2
166,500,http://video.akamai.steamstatic.com/store_trailers/5138/movie_max.webm?t=1682697408,Left 4 Dead TV Spot 1
167,500,http://video.akamai.steamstatic.com/store_trailers/5141/movie_max.webm?t=1682697415,Left 4 Dead Intro (English)
168,204300,http://video.akamai.steamstatic.com/store_trailers/256685650/movie_max.webm?t=1498200240,Awesomenauts - Free to Play Launch Trailer
169,217690,http://video.akamai.steamstatic.com/store_trailers/2028577/movie_max.webm?t=1447357770,Anna - Extended Edition PEGI
170,200710,http://video.akamai.steamstatic.com/store_trailers/82019/movie_max.webm?t=1447356619,Torchlight II Trailer
171,200710,http://video.akamai.steamstatic.com/store_trailers/81609/movie_max.webm?t=1447355746,Torchlight II Trailer
172,2310,http://video.akamai.steamstatic.com/store_trailers/256847481/movie_max_vp9.webm?t=1629396065,Quake Launch Trailer EN
173,10500,http://video.akamai.steamstatic.com/store_trailers/256736156/movie_max.webm?t=1542820214,TW_Definitive_Edition_Trailer_PEGI-Press_Version
174,10500,http://video.akamai.steamstatic.com/store_trailers/5136/movie_max.webm?t=1447351528,Empire: Total War™ Trailer
175,10500,http://video.akamai.steamstatic.com/store_trailers/5185/movie_max.webm?t=1447351663,Empire: Total War™ Gameplay Video 1 of 5: Naval Battles
176,10500,http://video.akamai.steamstatic.com/store_trailers/5186/movie_max.webm?t=1447351666,Empire: Total War™ Gameplay Video 2 of 5: Land Battles
177,10500,http://video.akamai.steamstatic.com/store_trailers/5187/movie_max.webm?t=1447351667,Empire: Total War™ Gameplay Video 3 of 5: Campaign
178,10500,http://video.akamai.steamstatic.com/store_trailers/5188/movie_max.webm?t=1447351667,Empire: Total War™ Gameplay Video 5 of 5: Multiplayer
179,10500,http://video.akamai.steamstatic.com/store_trailers/5197/movie_max.webm?t=1447351712,Empire: Total War™ - Launch Trailer (English)
180,10500,http://video.akamai.steamstatic.com/store_trailers/5189/movie_max.webm?t=1447351679,Empire: Total War™ Gameplay Video 4 of 5: Road to Independence
181,6060,http://video.akamai.steamstatic.com/store_trailers/256662483/movie_max.webm?t=1459532326,Intro - Battlefront II
182,6060,http://video.akamai.steamstatic.com/store_trailers/256662544/movie_max.webm?t=1462989488,Gameplay - Battlefront II
183,11390,http://video.akamai.steamstatic.com/store_trailers/256810412/movie_max_vp9.webm?t=1605909125,Crash Time 2 Steam Trailer
184,17450,http://video.akamai.steamstatic.com/store_trailers/256823673/movie_max_vp9.webm?t=1614193436,GamePlay
185,17450,http://video.akamai.steamstatic.com/store_trailers/5451/movie_max_vp9.webm?t=1614193443,Dragon Age: Origins Sacred Ashes Trailer
186,208200,http://video.akamai.steamstatic.com/store_trailers/256901501/movie_max_vp9.webm?t=1660847330,Trailer EN
187,17410,http://video.akamai.steamstatic.com/store_trailers/2029872/movie_max.webm?t=1613320012,GamePlay Video
188,3730,http://video.akamai.steamstatic.com/store_trailers/5570/movie_max.webm?t=1447352855,Aliens vs. Predator Classic 2000 Trailer
189,45740,http://video.akamai.steamstatic.com/store_trailers/2034466/movie_max.webm?t=1447363656,Dead Rising 2 Trailer 1
190,45740,http://video.akamai.steamstatic.com/store_trailers/5897/movie_max.webm?t=1447353463,Dead Rising® 2 - Las Vegas Tour
191,45740,http://video.akamai.steamstatic.com/store_trailers/2034467/movie_max.webm?t=1447363657,Dead Rising 2 Trailer 2
192,45740,http://video.akamai.steamstatic.com/store_trailers/2034468/movie_max.webm?t=1447363657,Dead Rising 2 -- Terror Is Reality
193,214510,http://video.akamai.steamstatic.com/store_trailers/2028153/movie_max.webm?t=1447357096,LEGO The Lord of the Rings Trailer
194,214510,http://video.akamai.steamstatic.com/store_trailers/2028154/movie_max.webm?t=1447357097,LEGO The Lord of the Rings Trailer 2
195,223710,http://video.akamai.steamstatic.com/store_trailers/2028609/movie_max.webm?t=1447357802,Cry of Fear Trailer
196,41000,http://video.akamai.steamstatic.com/store_trailers/80492/movie_max.webm?t=1447353807,Serious Sam HD Christmas Movie
197,564310,http://video.akamai.steamstatic.com/store_trailers/256681472/movie_max.webm?t=1490041317,SeriousSamHDHappyTrailer
198,47810,http://video.akamai.steamstatic.com/store_trailers/256823689/movie_max_vp9.webm?t=1614195331,Sacred Ashes
199,47810,http://video.akamai.steamstatic.com/store_trailers/256823687/movie_max_vp9.webm?t=1614195339,GamePlay
200,92100,http://video.akamai.steamstatic.com/store_trailers/2039852/movie_max.webm?t=1545364408,DETOUR new trailer
201,92100,http://video.akamai.steamstatic.com/store_trailers/80875/movie_max.webm?t=1545364416,DETOUR Launch Trailer
202,102600,http://video.akamai.steamstatic.com/store_trailers/256729815/movie_max.webm?t=1537484192,Orcs Must Die!
203,201790,http://video.akamai.steamstatic.com/store_trailers/256729816/movie_max.webm?t=1537484726,Orcs Must Die! 2
204,204360,http://video.akamai.steamstatic.com/store_trailers/256657279/movie_max.webm?t=1447378482,Castle Crashers Trailer!
205,214870,http://video.akamai.steamstatic.com/store_trailers/82175/movie_max.webm?t=1493811086,Painkiller Hell and Damnation Release Trailer
206,214870,http://video.akamai.steamstatic.com/store_trailers/82149/movie_max.webm?t=1493811093,Painkiller Hell and Damnation Feature
207,214870,http://video.akamai.steamstatic.com/store_trailers/82056/movie_max.webm?t=1447356703,Painkiller Hell & Damnation Trailer
208,220240,http://video.akamai.steamstatic.com/store_trailers/2028177/movie_max.webm?t=1447357140,Far Cry 3 Revealed Trailer
209,220240,http://video.akamai.steamstatic.com/store_trailers/2028100/movie_max.webm?t=1654549163,Far Cry 3 Heart of Insanity Trailer
210,220240,http://video.akamai.steamstatic.com/store_trailers/2028101/movie_max.webm?t=1447356997,Far Cry 3 Meet Vaas & Buck Trailer
211,99900,http://video.akamai.steamstatic.com/store_trailers/2029772/movie_max.webm?t=1447359212,Spiral Knights: Prologue
212,99900,http://video.akamai.steamstatic.com/store_trailers/2029059/movie_max.webm?t=1447358466,Spiral Knights Battle Sprites Trailer
213,99900,http://video.akamai.steamstatic.com/store_trailers/2028130/movie_max.webm?t=1654550580,Spiral Knights Guild Hall Trailer
214,99900,http://video.akamai.steamstatic.com/store_trailers/80868/movie_max.webm?t=1447354244,Spiral Knights Announcement Trailer
215,99900,http://video.akamai.steamstatic.com/store_trailers/2028269/movie_max.webm?t=1447357215,Spiral Knights Winterfest 2012 Trailer
216,109600,http://video.akamai.steamstatic.com/store_trailers/257036779/movie_max_vp9.webm?t=1721145729,Neverwinter: Mountain of Flame - Official Launch Trailer
217,109600,http://video.akamai.steamstatic.com/store_trailers/257017760/movie_max_vp9.webm?t=1713887888,Neverwinter: Adventures in Wildspace - Official Launch Trailer
218,109600,http://video.akamai.steamstatic.com/store_trailers/256980457/movie_max_vp9.webm?t=1699378194,Neverwinter: Spelljammer - Official Launch Trailer
219,109600,http://video.akamai.steamstatic.com/store_trailers/256958144/movie_max_vp9.webm?t=1689701762,Neverwinter: Demonweb Pits - Official Launch Trailer
220,109600,http://video.akamai.steamstatic.com/store_trailers/256937003/movie_max_vp9.webm?t=1680024618,Neverwinter: Menzoberranzan - Official Launch Trailer
221,109600,http://video.akamai.steamstatic.com/store_trailers/256915312/movie_max_vp9.webm?t=1667943372,Neverwinter: Northdark Reaches - Official Launch Trailer
222,263500,http://video.akamai.steamstatic.com/store_trailers/2031408/movie_max.webm?t=1447360880,Dragons and Titans Trailer
223,39120,http://video.akamai.steamstatic.com/store_trailers/256662876/movie_max.webm?t=1538670006,RIFT 5yr
224,253710,http://video.akamai.steamstatic.com/store_trailers/2032551/movie_max.webm?t=1461062277,Community Trailer - By Nuubialainen
225,253710,http://video.akamai.steamstatic.com/store_trailers/256685353/movie_max.webm?t=1495203676,Trophy Lodge Trailer
226,295550,http://video.akamai.steamstatic.com/store_trailers/2033518/movie_max.webm?t=1447362766,Launch trailer
227,215080,http://video.akamai.steamstatic.com/store_trailers/257037430/movie_max_vp9.webm?t=1720786251,WAKFU - Necroworld
228,215080,http://video.akamai.steamstatic.com/store_trailers/256974585/movie_max_vp9.webm?t=1696863948,WAKFU - Ogrest
229,215080,http://video.akamai.steamstatic.com/store_trailers/256989674/movie_max_vp9.webm?t=1702902747,WAKFU - Wabbit Island
230,215080,http://video.akamai.steamstatic.com/store_trailers/256667719/movie_max.webm?t=1697101948,WAKFU - Reincarnamation
231,215080,http://video.akamai.steamstatic.com/store_trailers/256979172/movie_max_vp9.webm?t=1698675910,WAKFU… in High Def!
232,215080,http://video.akamai.steamstatic.com/store_trailers/256864111/movie_max_vp9.webm?t=1697101953,WAKFU - Shustuft Crust
233,215080,http://video.akamai.steamstatic.com/store_trailers/256713251/movie_max.webm?t=1697101958,WAKFU - Pandalucia
234,215080,http://video.akamai.steamstatic.com/store_trailers/256737374/movie_max.webm?t=1697101962,WAKFU - Nations
235,372000,http://video.akamai.steamstatic.com/store_trailers/257054379/movie_max_vp9.webm?t=1727077136,Jurate Season Trailer
236,372000,http://video.akamai.steamstatic.com/store_trailers/256748836/movie_max.webm?t=1556091698,New Unique Raid Preview
237,372000,http://video.akamai.steamstatic.com/store_trailers/256766720/movie_max.webm?t=1573180150,Arts Update Trailer
238,372000,http://video.akamai.steamstatic.com/store_trailers/256766725/movie_max.webm?t=1573180140,Guild Housing Preview
239,372000,http://video.akamai.steamstatic.com/store_trailers/256748835/movie_max.webm?t=1556091707,EP 11:Beyond the Astral Tower
240,372000,http://video.akamai.steamstatic.com/store_trailers/256737608/movie_max.webm?t=1544083439,[Re:Build] TOS Major Content Update Trailer
241,372000,http://video.akamai.steamstatic.com/store_trailers/256740115/movie_max.webm?t=1547110325,The Re:Build Survival Guide
242,372000,http://video.akamai.steamstatic.com/store_trailers/256738933/movie_max.webm?t=1545290398,New Hunting Ground [Irredian's Shelter]
243,372000,http://video.akamai.steamstatic.com/store_trailers/256727410/movie_max.webm?t=1535702104,Brace yourself for Rank 10
244,372000,http://video.akamai.steamstatic.com/store_trailers/256729844/movie_max.webm?t=1537500551,"Companions, a Savior's Best Friend"
245,372000,http://video.akamai.steamstatic.com/store_trailers/256718557/movie_max.webm?t=1527822506,Guild Territory Wars Preview
246,372000,http://video.akamai.steamstatic.com/store_trailers/256718560/movie_max.webm?t=1527822518,[Beta] Guild Territory Wars Highlights!
247,372000,http://video.akamai.steamstatic.com/store_trailers/256718559/movie_max.webm?t=1527822530,Beauty Shop Preview
248,372000,http://video.akamai.steamstatic.com/store_trailers/256718563/movie_max.webm?t=1527822542,New Class Preview:Exorcist
249,372000,http://video.akamai.steamstatic.com/store_trailers/256718564/movie_max.webm?t=1527822555,New Class Previes:Pied Piper
250,372000,http://video.akamai.steamstatic.com/store_trailers/256702964/movie_max.webm?t=1512552889,New Class Update! 4 New Classes!
251,372000,http://video.akamai.steamstatic.com/store_trailers/2039729/movie_max.webm?t=1458541663,Tree of Savior 2015 G-Star  Trailer
252,372000,http://video.akamai.steamstatic.com/store_trailers/256661770/movie_max.webm?t=1458541676,PC Online MMORPG Tree of Savior
253,372000,http://video.akamai.steamstatic.com/store_trailers/256661771/movie_max.webm?t=1458541686,REFRESH! Tree of Savior
254,381210,http://video.akamai.steamstatic.com/store_trailers/257050021/movie_max_vp9.webm?t=1724775452,Dead by Daylight - Castlevania Chapter - Official Trailer
255,381210,http://video.akamai.steamstatic.com/store_trailers/256686761/movie_max.webm?t=1683120259,Dead by Daylight - Introduction Trailer
256,381210,http://video.akamai.steamstatic.com/store_trailers/256855514/movie_max_vp9.webm?t=1683120692,Dead by Daylight: Killer 101 video
257,381210,http://video.akamai.steamstatic.com/store_trailers/256855496/movie_max_vp9.webm?t=1683120699,Dead by Daylight: Survivor 101 video
258,386360,http://video.akamai.steamstatic.com/store_trailers/256852054/movie_max_vp9.webm?t=1684857926,SMITE - Play Free Now
259,407530,http://video.akamai.steamstatic.com/store_trailers/256922670/movie_max_vp9.webm?t=1671827862,ARK: The Survival of the Fittest - New Features Overview
260,407530,http://video.akamai.steamstatic.com/store_trailers/256667991/movie_max.webm?t=1470097861,Survival of the Fittest Trailer
261,413150,http://video.akamai.steamstatic.com/store_trailers/256660296/movie_max.webm?t=1454099186,Stardew Valley Trailer
262,444090,http://video.akamai.steamstatic.com/store_trailers/256849677/movie_max_vp9.webm?t=1713554500,Champions Trailer
263,444090,http://video.akamai.steamstatic.com/store_trailers/256705950/movie_max.webm?t=1713554505,Fight for the Realm
264,444090,http://video.akamai.steamstatic.com/store_trailers/256849674/movie_max_vp9.webm?t=1713554509,Banners Fall
265,442080,http://video.akamai.steamstatic.com/store_trailers/256663679/movie_max.webm?t=1472581758,Riders of Icarus Official Gameplay Trailer
266,442080,http://video.akamai.steamstatic.com/store_trailers/256666593/movie_max.webm?t=1472581767,Riders of Icarus Official Open Beta CG Trailer
267,438740,http://video.akamai.steamstatic.com/store_trailers/256683364/movie_max.webm?t=1492525158,Killer - PAX East 2017 Trailer
268,438740,http://video.akamai.steamstatic.com/store_trailers/256677408/movie_max.webm?t=1483468624,XIII - Kills Trailer
269,438740,http://video.akamai.steamstatic.com/store_trailers/256677409/movie_max.webm?t=1483468633,World Gameplay Premier!
270,438740,http://video.akamai.steamstatic.com/store_trailers/256677410/movie_max.webm?t=1483468645,Tommy Jarvis Returns!
271,260410,http://video.akamai.steamstatic.com/store_trailers/2033653/movie_max.webm?t=1447362875,Get Off My Lawn! Trailer
272,252150,http://video.akamai.steamstatic.com/store_trailers/2030542/movie_max.webm?t=1447359999,Grimm - Intro video
273,272060,http://video.akamai.steamstatic.com/store_trailers/2030755/movie_max.webm?t=1447360139,Teaser Trailer
274,346110,http://video.akamai.steamstatic.com/store_trailers/256836250/movie_max_vp9.webm?t=1622089232,ARK: Ultimate Survivor Edition Trailer
275,346110,http://video.akamai.steamstatic.com/store_trailers/256693939/movie_max.webm?t=1508277163,ARK: Survival Evolved Global Launch Trailer
276,346110,http://video.akamai.steamstatic.com/store_trailers/256744539/movie_max.webm?t=1551899542,ARK: Homestead Update Trailer
277,346110,http://video.akamai.steamstatic.com/store_trailers/256655397/movie_max.webm?t=1503989702,ARK Survival Evolved Gamescom 2015 Trailer
278,346110,http://video.akamai.steamstatic.com/store_trailers/256666035/movie_max.webm?t=1503989709,ARK Redwood Biome and Spotlight: Titanosaur
279,346110,http://video.akamai.steamstatic.com/store_trailers/256656850/movie_max.webm?t=1503989720,ARK New Biomes Expansion Trailer
280,346110,http://video.akamai.steamstatic.com/store_trailers/2039177/movie_max.webm?t=1503989726,ARK: Survival Evolved Announcement Trailer
281,346290,http://video.akamai.steamstatic.com/store_trailers/2036829/movie_max.webm?t=1447368144,Penumbra: Necrologue trailer
282,346290,http://video.akamai.steamstatic.com/store_trailers/256678715/movie_max.webm?t=1485671046,Twilight Of The Archaic trailer
283,298180,http://video.akamai.steamstatic.com/store_trailers/2032235/movie_max.webm?t=1447361765,Trailer
284,298180,http://video.akamai.steamstatic.com/store_trailers/2032336/movie_max.webm?t=1447361841,Trailer 2
285,291550,http://video.akamai.steamstatic.com/store_trailers/257058366/movie_max_vp9.webm?t=1727271449,Brawlhalla x Mega Man
286,291550,http://video.akamai.steamstatic.com/store_trailers/257009777/movie_max_vp9.webm?t=1710942535,Brawlhalla Star Wars Event – Feel the Power of the Force!
287,291550,http://video.akamai.steamstatic.com/store_trailers/256985415/movie_max_vp9.webm?t=1701285226,Brawlhalla x SpongeBob SquarePants!
288,291550,http://video.akamai.steamstatic.com/store_trailers/256861558/movie_max_vp9.webm?t=1637596017,BRAWLHALLA X STREET FIGHTER ARE READY TO FIGHT!
289,291550,http://video.akamai.steamstatic.com/store_trailers/256827230/movie_max_vp9.webm?t=1616597788,"Skadoosh! Po, Tigress, and Tai Lung from DreamWorks Kung Fu Panda join the fight in Brawlhalla!"
290,397720,http://video.akamai.steamstatic.com/store_trailers/256658723/movie_max.webm?t=1449708409,Promotion Movie
291,351940,http://video.akamai.steamstatic.com/store_trailers/256675782/movie_max.webm?t=1480941364,Episode 5 Teaser
292,351940,http://video.akamai.steamstatic.com/store_trailers/256675783/movie_max.webm?t=1480941375,Episode 4 Teaser
293,351940,http://video.akamai.steamstatic.com/store_trailers/256668241/movie_max.webm?t=1480933167,Episode 3 Teaser
294,351940,http://video.akamai.steamstatic.com/store_trailers/256663489/movie_max.webm?t=1470647656,Episode 2 Teaser
295,351940,http://video.akamai.steamstatic.com/store_trailers/256660034/movie_max.webm?t=1470647666,Release Trailer
296,351940,http://video.akamai.steamstatic.com/store_trailers/256660467/movie_max.webm?t=1470647677,Time Shift Trailer
297,351940,http://video.akamai.steamstatic.com/store_trailers/256660821/movie_max.webm?t=1455804771,First Trailer
298,351940,http://video.akamai.steamstatic.com/store_trailers/256661104/movie_max.webm?t=1456502515,First Gameplay Video
299,42700,http://video.akamai.steamstatic.com/store_trailers/5908/movie_max_vp9.webm?t=1589829048,Celebrating 10 Years of Black Ops
300,42700,http://video.akamai.steamstatic.com/store_trailers/5908/movie_max_vp9.webm?t=1589829048,Celebrating 10 Years of Black Ops
301,104900,http://video.akamai.steamstatic.com/store_trailers/256655607/movie_max.webm?t=1490104421,ORION: Prelude (Steam Trailer)
302,104900,http://video.akamai.steamstatic.com/store_trailers/2038860/movie_max.webm?t=1519852595,ORION: Prelude (The Best/Worst Game on Steam)
303,104900,http://video.akamai.steamstatic.com/store_trailers/256685564/movie_max.webm?t=1495553891,ORION Dinosaur Duo Bundle
304,4920,http://video.akamai.steamstatic.com/store_trailers/2029265/movie_max.webm?t=1447358747,Natural Selection 2 Reinforced Trailer
305,4920,http://video.akamai.steamstatic.com/store_trailers/256661295/movie_max.webm?t=1456901779,Natural Selection 2 Introduction
306,4920,http://video.akamai.steamstatic.com/store_trailers/2028418/movie_max.webm?t=1462368441,Natural Selection 2 Trailer
307,4920,http://video.akamai.steamstatic.com/store_trailers/2028069/movie_max.webm?t=1447356962,Natural Selection II - Launch Trailer
308,4920,http://video.akamai.steamstatic.com/store_trailers/81986/movie_max.webm?t=1573752399,Natural Selection 2 Trailer
309,113020,http://video.akamai.steamstatic.com/store_trailers/2028579/movie_max.webm?t=1447357771,Monaco Trailer
310,35720,http://video.akamai.steamstatic.com/store_trailers/2028915/movie_max.webm?t=1447358276,Trine 2: Complete Story Trailer
311,39150,http://video.akamai.steamstatic.com/store_trailers/2030359/movie_max.webm?t=1447359713,FINAL FANTASY VIII Trailer English PEGI
312,253690,http://video.akamai.steamstatic.com/store_trailers/2030443/movie_max.webm?t=1447359827,REZ Trailer
313,253690,http://video.akamai.steamstatic.com/store_trailers/2030141/movie_max.webm?t=1447359526,Sizzle trailer - pre order
314,271570,http://video.akamai.steamstatic.com/store_trailers/2031552/movie_max.webm?t=1447361013,Space Farmers Trailer
315,271570,http://video.akamai.steamstatic.com/store_trailers/2032540/movie_max.webm?t=1447362032,TURNIPS FOR WHAT?! - Space Farmers
316,222880,http://video.akamai.steamstatic.com/store_trailers/256657790/movie_max.webm?t=1447378703,Insurgency Conquer Update
317,285900,http://video.akamai.steamstatic.com/store_trailers/256864963/movie_max_vp9.webm?t=1639479515,Trawler Trailer
318,285900,http://video.akamai.steamstatic.com/store_trailers/256703371/movie_max.webm?t=1513084235,Announce Trailer
